{"cameraMode":{"drawMode":0,"name":"Shaded","section":"Shading Mode"},"sceneLighting":true,"audioPlay":false,"sceneViewState":{"showFog":true,"showMaterialUpdate":true,"showSkybox":true,"showFlares":true,"showImageEffects":true,"showParticleSystems":true},"in2DMode":false,"pivot":{"x":1.2346380949020386,"y":-0.46769994497299197,"z":-0.4561721980571747},"rotation":{"x":-0.11830596625804901,"y":-0.6417546272277832,"z":0.10118907690048218,"w":-0.7510490417480469},"size":3.7459681034088136,"orthographic":false}