{"cameraMode":{"drawMode":0,"name":"Shaded","section":"Shading Mode"},"sceneLighting":false,"audioPlay":false,"sceneViewState":{"showFog":true,"showMaterialUpdate":true,"showSkybox":false,"showFlares":true,"showImageEffects":true,"showParticleSystems":true},"in2DMode":false,"pivot":{"x":0.5076000094413757,"y":0.02500000037252903,"z":0.343792587518692},"rotation":{"x":-0.16657328605651856,"y":0.5434767007827759,"z":-0.11113886535167694,"w":-0.815249502658844},"size":0.12124982476234436,"orthographic":false}