{"cameraMode":{"drawMode":0,"name":"Shaded","section":"Shading Mode"},"sceneLighting":false,"audioPlay":false,"sceneViewState":{"showFog":true,"showMaterialUpdate":true,"showSkybox":false,"showFlares":true,"showImageEffects":true,"showParticleSystems":true},"in2DMode":false,"pivot":{"x":-0.0000152587890625,"y":0.179290771484375,"z":1.13427734375},"rotation":{"x":-0.25871095061302187,"y":-0.3052024245262146,"z":0.08654668927192688,"w":-0.9123980402946472},"size":3745.968017578125,"orthographic":false}