{"cameraMode":{"drawMode":0,"name":"Shaded","section":"Shading Mode"},"sceneLighting":false,"audioPlay":false,"sceneViewState":{"showFog":true,"showMaterialUpdate":true,"showSkybox":false,"showFlares":true,"showImageEffects":true,"showParticleSystems":true},"in2DMode":false,"pivot":{"x":-0.0010747909545898438,"y":0.22393798828125,"z":-3.4411301612854006},"rotation":{"x":-0.14367760717868806,"y":0.8145281076431274,"z":-0.22781792283058167,"w":-0.5138664841651917},"size":22.0,"orthographic":false}