{"cameraMode":{"drawMode":0,"name":"Shaded","section":"Shading Mode"},"sceneLighting":true,"audioPlay":false,"sceneViewState":{"showFog":true,"showMaterialUpdate":true,"showSkybox":true,"showFlares":true,"showImageEffects":true,"showParticleSystems":true},"in2DMode":false,"pivot":{"x":2.417987585067749,"y":-0.6462399363517761,"z":-2.266397714614868},"rotation":{"x":-0.10894332081079483,"y":0.8094557523727417,"z":-0.15883241593837739,"w":-0.5548285245895386},"size":3.7459681034088136,"orthographic":false}